0,357677560708417;Treinamento
0,326310023735622;Treinamento
0,300091290852657;Treinamento
0,278546649625708;Treinamento
0,276100054774512;Treinamento
0,282271316414095;Treinamento
0,300054774511594;Treinamento
0,33894467774329;Treinamento
0,370567829103524;Treinamento
0,393280993244477;Treinamento
0,433083805002739;Treinamento
0,467664779989045;Treinamento
0,479203943764835;Treinamento
0,490560525835311;Treinamento
0,514953441665145;Treinamento
0,559576410443674;Treinamento
0,599196640496622;Treinamento
0,608544823808654;Treinamento
0,576519992696732;Treinamento
0,543691802081431;Treinamento
0,492130728501004;Treinamento
0,458353113018076;Treinamento
0,399087091473434;Treinamento
0,338908161402228;Treinamento
0,283184224940661;Treinamento
0,256162132554318;Treinamento
0,247580792404601;Treinamento
0,256089099872193;Treinamento
0,271389446777433;Treinamento
0,338579514332664;Treinamento
0,453605988679934;Treinamento
0,555048384151908;Treinamento
0,610881869636662;Treinamento
0,627022092386343;Treinamento
0,641774694175644;Treinamento
0,645572393646157;Treinamento
0,64451341975534;Treinamento
0,644842066824904;Treinamento
0,662187328829651;Treinamento
0,693920029213073;Treinamento
0,717619134562717;Treinamento
0,711557421946321;Treinamento
0,682672996165784;Treinamento
0,631367536972795;Treinamento
0,567098776702574;Treinamento
0,520138762096038;Treinamento
0,457257622786197;Treinamento
0,377980646339237;Treinamento
0,328318422494066;Treinamento
0,297608179660398;Treinamento
0,282417381778346;Treinamento
0,274895015519445;Treinamento
0,291290852656564;Treinamento
0,361694358225306;Treinamento
0,454737995252876;Treinamento
0,580317692167245;Treinamento
0,645645426328282;Treinamento
0,653423406974621;Treinamento
0,672338871645061;Treinamento
0,673836041628629;Treinamento
0,677085995983203;Treinamento
0,676793865254702;Treinamento
0,681723571298156;Treinamento
0,710827095125068;Treinamento
0,745846266204126;Treinamento
0,760890998721928;Treinamento
0,733759357312397;Treinamento
0,689720649990871;Treinamento
0,626218732882965;Treinamento
0,584736169435823;Treinamento
0,517071389446777;Treinamento
0,454117217454811;Treinamento
0,402629176556509;Treinamento
0,372977907613657;Treinamento
0,362023005294869;Treinamento
0,359832024831112;Treinamento
0,375716633193354;Treinamento
0,395216359320796;Treinamento
0,429030491144787;Treinamento
0,490962205587;Treinamento
0,551944495161585;Treinamento
0,610188059156473;Treinamento
0,645937557056783;Treinamento
0,640898301990141;Treinamento
0,624867628263648;Treinamento
0,625890085813401;Treinamento
0,625999634836589;Treinamento
0,672265838962936;Treinamento
0,726200474712434;Treinamento
0,770275698375023;Treinamento
0,756399488771225;Treinamento
0,721015154281541;Treinamento
0,648785831659668;Treinamento
0,606390359685959;Treinamento
0,565053861603067;Treinamento
0,521635932079606;Treinamento
0,470074858499178;Treinamento
0,420120503925507;Treinamento
0,401205039255067;Treinamento
0,395362424685047;Treinamento
0,403505568742012;Treinamento
0,430710242833668;Treinamento
0,462698557604528;Treinamento
0,523899945225488;Treinamento
0,568194266934453;Treinamento
0,63406974621143;Treinamento
0,658572211064451;Treinamento
0,657075041080884;Treinamento
0,651780171626803;Treinamento
0,654920576958189;Treinamento
0,664049662223845;Treinamento
0,69318970239182;Treinamento
0,729742559795509;Treinamento
0,74632097863794;Treinamento
0,718020814314406;Treinamento
0,669417564360051;Treinamento
0,604820157020267;Treinamento
0,584188424319883;Treinamento
0,522001095490232;Treinamento
0,454190250136936;Treinamento
0,396823078327552;Treinamento
0,349534416651452;Treinamento
0,320321343801351;Treinamento
0,316085448238087;Treinamento
0,324228592295052;Treinamento
0,365893737447508;Treinamento
0,470951250684681;Treinamento
0,582545188972065;Treinamento
0,639255066642322;Treinamento
0,665802446594851;Treinamento
0,65952163593208;Treinamento
0,672521453350374;Treinamento
0,660544093481833;Treinamento
0,656892459375571;Treinamento
0,672886616761001;Treinamento
0,71696184042359;Treinamento
0,751834946138397;Treinamento
0,759466861420486;Treinamento
0,709074310754062;Treinamento
0,648311119225854;Treinamento
0,589775424502465;Treinamento
0,555413547562534;Treinamento
0,488186963666241;Treinamento
0,416943582253058;Treinamento
0,35840788752967;Treinamento
0,30681029760818;Treinamento
0,285703852473982;Treinamento
0,273836041628629;Treinamento
0,292751506299069;Treinamento
0,393280993244477;Treinamento
0,555303998539346;Treinamento
0,693518349461384;Treinamento
0,746101880591565;Treinamento
0,732736899762644;Treinamento
0,74478729231331;Treinamento
0,735293043637028;Treinamento
0,733503742924959;Treinamento
0,741537337958737;Treinamento
0,73810480189885;Treinamento
0,75201752784371;Treinamento
0,777177286835859;Treinamento
0,766441482563447;Treinamento
0,732919481467957;Treinamento
0,686215081248859;Treinamento
0,632572576227862;Treinamento
0,570969508855213;Treinamento
0,491473434361877;Treinamento
0,406901588460836;Treinamento
0,355377031221472;Treinamento
0,317180938469965;Treinamento
0,299762643783093;Treinamento
0,306846813949242;Treinamento
0,313127624612014;Treinamento
0,375716633193354;Treinamento
0,534234069746211;Treinamento
0,679715172539711;Treinamento
0,730728501004199;Treinamento
0,722001095490232;Treinamento
0,715391637757897;Treinamento
0,696330107723206;Treinamento
0,67927697644696;Treinamento
0,678510133284645;Treinamento
0,695344166514515;Treinamento
0,731641409530765;Treinamento
0,78385977725032;Treinamento
0,784224940660946;Treinamento
0,750775972247581;Treinamento
0,710681029760818;Treinamento
0,64867628263648;Treinamento
0,605915647252145;Treinamento
0,53755705678291;Treinamento
0,449625707504108;Treinamento
0,396494431257988;Treinamento
0,350045645426328;Treinamento
0,342158115756801;Treinamento
0,346722658389629;Treinamento
0,381303633375936;Treinamento
0,472265838962936;Treinamento
0,634325360598868;Treinamento
0,78608727405514;Treinamento
0,824794595581523;Treinamento
0,810407157202848;Treinamento
0,81599415738543;Treinamento
0,799744385612562;Treinamento
0,774402044915099;Treinamento
0,784991783823261;Treinamento
0,804893189702392;Treinamento
0,83560343253606;Treinamento
0,844769034142779;Treinamento
0,843600511228775;Treinamento
0,812086908891729;Treinamento
0,773123972977908;Treinamento
0,704911447872923;Treinamento
0,656563812306007;Treinamento
0,571882417381778;Treinamento
0,472667518714625;Treinamento
0,428446229687785;Treinamento
0,389410261091839;Treinamento
0,370567829103524;Treinamento
0,37955084900493;Treinamento
0,419499726127442;Treinamento
0,505933905422677;Treinamento
0,668906335585174;Treinamento
0,822968778528391;Treinamento
0,865729413912726;Treinamento
0,859375570567829;Treinamento
0,8653642505021;Treinamento
0,845280262917656;Treinamento
0,825086726310024;Treinamento
0,792185503012598;Treinamento
0,794449516158481;Treinamento
0,825890085813402;Treinamento
0,861457002008399;Treinamento
0,871937191893372;Treinamento
0,847179112652912;Treinamento
0,802154464122695;Treinamento
0,723498265473799;Treinamento
0,684462296877853;Treinamento
0,640350556874201;Treinamento
0,563155011867811;Treinamento
0,512908526565638;Treinamento
0,482125251049845;Treinamento
0,444696001460654;Treinamento
0,430272046740917;Treinamento
0,436735439109001;Treinamento
0,451451524557239;Treinamento
0,487858316596677;Treinamento
0,543618769399306;Treinamento
0,602410078510133;Treinamento
0,640460105897389;Treinamento
0,673251780171627;Treinamento
0,683805002738726;Treinamento
0,663757531495344;Treinamento
0,649114478729231;Treinamento
0,652364433083805;Treinamento
0,680920211794778;Treinamento
0,708855212707687;Treinamento
0,720649990870915;Treinamento
0,683658937374475;Treinamento
0,619572758809567;Treinamento
0,548073763008947;Treinamento
0,503706408617857;Treinamento
0,451122877487676;Treinamento
0,38539346357495;Treinamento
0,319554500639036;Treinamento
0,290377944129998;Treinamento
0,272192806280811;Treinamento
0,266496257075041;Treinamento
0,27135293043637;Treinamento
0,285740368815045;Treinamento
0,314515245572394;Treinamento
0,36008763921855;Treinamento
0,419061530034691;Treinamento
0,443746576593025;Treinamento
0,485338689063356;Treinamento
0,505130545919299;Treinamento
0,510352382691254;Treinamento
0,51210516706226;Treinamento
0,532006572941391;Treinamento
0,593719189337228;Treinamento
0,642431988314771;Treinamento
0,691984663136754;Treinamento
0,679934270586087;Treinamento
0,641920759539894;Treinamento
0,601898849735257;Treinamento
0,557385429979916;Treinamento
0,49081614022275;Treinamento
0,425597955084901;Treinamento
0,386342888442578;Treinamento
0,352492240277524;Treinamento
0,354500639035969;Treinamento
0,358261822165419;Treinamento
0,402556143874384;Treinamento
0,495198101150265;Treinamento
0,665802446594851;Treinamento
0,81307285010042;Treinamento
0,845828008033595;Treinamento
0,829395654555414;Treinamento
0,845828008033595;Treinamento
0,823516523644331;Treinamento
0,793938287383604;Treinamento
0,792002921307285;Treinamento
0,797662954171992;Treinamento
0,829578236260727;Treinamento
0,860105897389082;Treinamento
0,867664779989045;Treinamento
0,827460288479094;Treinamento
0,77370823443491;Treinamento
0,719664049662224;Treinamento
0,661639583713712;Treinamento
0,579587365345992;Treinamento
0,492130728501004;Treinamento
0,428665327734161;Treinamento
0,388205221836772;Treinamento
0,374109914186599;Treinamento
0,368961110096768;Treinamento
0,408836954537155;Treinamento
0,497462114296148;Treinamento
0,644476903414278;Treinamento
0,770677378126712;Treinamento
0,79916012415556;Treinamento
0,782362607266752;Treinamento
0,788570385247398;Treinamento
0,772649260544093;Treinamento
0,762935913821435;Treinamento
0,748584991783823;Treinamento
0,740441847726858;Treinamento
0,774438561256162;Treinamento
0,81391272594486;Treinamento
0,833302903049114;Treinamento
0,782873836041629;Treinamento
0,728720102245755;Treinamento
0,67566185868176;Treinamento
0,614533503742925;Treinamento
0,528062808106628;Treinamento
0,445974073397846;Treinamento
0,392039437648348;Treinamento
0,340149716998357;Treinamento
0,328464487858317;Treinamento
0,324411174000365;Treinamento
0,341245207230236;Treinamento
0,425013693627898;Treinamento
0,567829103523827;Treinamento
0,720467409165602;Treinamento
0,756618586817601;Treinamento
0,747087821800256;Treinamento
0,746028847909439;Treinamento
0,717217454811028;Treinamento
0,71334672265839;Treinamento
0,703596859594669;Treinamento
0,72517801716268;Treinamento
0,750118678108454;Treinamento
0,79039620230053;Treinamento
0,806572941391273;Treinamento
0,764761730874566;Treinamento
0,71126529121782;Treinamento
0,656490779623882;Treinamento
0,619244111740004;Treinamento
0,538981194084353;Treinamento
0,440496622238452;Treinamento
0,372357129815592;Treinamento
0,331495344166514;Treinamento
0,318860690158846;Treinamento
0,323388716450612;Treinamento
0,352784371006025;Treinamento
0,442395471973708;Treinamento
0,596129267847362;Treinamento
0,742158115756801;Treinamento
0,75647252145335;Treinamento
0,743582253058244;Treinamento
0,738068285557787;Treinamento
0,728610553222567;Treinamento
0,709695088552127;Treinamento
0,703815957641044;Treinamento
0,705605258353113;Treinamento
0,730984115391638;Treinamento
0,773781267117035;Treinamento
0,791491692532408;Treinamento
0,769581887894833;Treinamento
0,729596494431258;Treinamento
0,666167610005477;Treinamento
0,620047471243381;Treinamento
0,555084900492971;Treinamento
0,464633923680847;Treinamento
0,39207595398941;Treinamento
0,354865802446595;Treinamento
0,338360416286288;Treinamento
0,34325360598868;Treinamento
0,372503195179843;Treinamento
0,461785649077962;Treinamento
0,618258170531313;Treinamento
0,753989410261092;Treinamento
0,791966404966222;Treinamento
0,7635566916195;Treinamento
0,771517253971152;Treinamento
0,755669161949973;Treinamento
0,735986854117217;Treinamento
0,71502647434727;Treinamento
0,716194997261274;Treinamento
0,731385795143327;Treinamento
0,755815227314223;Treinamento
0,77593573123973;Treinamento
0,740551396750046;Treinamento
0,681102793500091;Treinamento
0,609129085265656;Treinamento
0,540989592842797;Treinamento
0,482161767390907;Treinamento
0,418112105167062;Treinamento
0,371809384699653;Treinamento
0,328501004199379;Treinamento
0,306153003469052;Treinamento
0,293299251415008;Treinamento
0,294248676282636;Treinamento
0,315282088734709;Treinamento
0,367573489136389;Treinamento
0,425926602154464;Treinamento
0,491473434361877;Treinamento
0,553624246850466;Treinamento
0,581340149716998;Treinamento
0,58831477085996;Treinamento
0,586379404783641;Treinamento
0,575132371736352;Treinamento
0,584224940660946;Treinamento
0,608946503560343;Treinamento
0,664305276611284;Treinamento
0,690925689245938;Treinamento
0,657841884243199;Treinamento
0,602008398758444;Treinamento
0,540916560160672;Treinamento
0,497790761365711;Treinamento
0,455833485484754;Treinamento
0,413474529852109;Treinamento
0,364067920394376;Treinamento
0,332481285375205;Treinamento
0,312214716085448;Treinamento
0,30849004929706;Treinamento
0,321015154281541;Treinamento
0,334380135110462;Treinamento
0,383275515793318;Treinamento
0,436918020814314;Treinamento
0,501004199379222;Treinamento
0,560598867993427;Treinamento
0,590578784005843;Treinamento
0,595618039072485;Treinamento
0,579806463392368;Treinamento
0,566697096950886;Treinamento
0,579295234617491;Treinamento
0,62990688333029;Treinamento
0,689245937557057;Treinamento
0,728829651268943;Treinamento
0,716377578966588;Treinamento
0,674420303085631;Treinamento
0,628920942121599;Treinamento
0,61515428154099;Treinamento
0,552127076866898;Treinamento
0,478218002556144;Treinamento
0,412159941573854;Treinamento
0,366697096950886;Treinamento
0,356582070476538;Treinamento
0,357458462662041;Treinamento
0,382873836041629;Treinamento
0,461457002008399;Treinamento
0,624940660945773;Treinamento
0,78831477085996;Treinamento
0,810626255249224;Treinamento
0,800766843162315;Treinamento
0,79623881687055;Treinamento
0,7855395289392;Treinamento
0,759868541172175;Treinamento
0,746905240094943;Treinamento
0,722402775241921;Treinamento
0,740003651634106;Treinamento
0,783275515793318;Treinamento
0,792002921307285;Treinamento
0,749643965674639;Treinamento
0,70250136936279;Treinamento
0,643271864159211;Treinamento
0,574986306372101;Treinamento
0,489172904874932;Treinamento
0,390907431075406;Treinamento
0,331531860507577;Treinamento
0,295672813584079;Treinamento
0,289976264378309;Treinamento
0,283403322987037;Treinamento
0,305495709329925;Treinamento
0,393719189337228;Treinamento
0,558480920211795;Treinamento
0,700346905240095;Treinamento
0,72587182764287;Treinamento
0,720284827460288;Treinamento
0,718130363337594;Treinamento
0,698484571845901;Treinamento
0,678729231331021;Treinamento
0,658389629359138;Treinamento
0,668723753879861;Treinamento
0,700237356216907;Treinamento
0,747635566916195;Treinamento
0,790615300346905;Treinamento
0,757494979003104;Treinamento
0,70458280080336;Treinamento
0,634544458645244;Treinamento
0,579587365345992;Treinamento
0,510900127807194;Treinamento
0,420120503925507;Treinamento
0,36425050209969;Treinamento
0,342158115756801;Treinamento
0,336680664597407;Treinamento
0,347781632280446;Treinamento
0,377213803176922;Treinamento
0,454737995252876;Treinamento
0,632791674274238;Treinamento
0,784663136753697;Treinamento
0,8108453532956;Treinamento
0,79485119591017;Treinamento
0,788862515975899;Treinamento
0,757093299251415;Treinamento
0,713310206317327;Treinamento
0,710169800985941;Treinamento
0,722074128172357;Treinamento
0,774036881504473;Treinamento
0,83991236078145;Treinamento
0,874347270403506;Treinamento
0,85229140040168;Treinamento
0,806901588460836;Treinamento
0,753368632463027;Treinamento
0,696622238451707;Treinamento
0,621873288296513;Treinamento
0,54117217454811;Treinamento
0,485995983202483;Treinamento
0,448311119225854;Treinamento
0,433448968413365;Treinamento
0,445535877305094;Treinamento
0,479897754245025;Treinamento
0,546832207412817;Treinamento
0,694759905057513;Treinamento
0,833558517436553;Treinamento
0,852875661858682;Treinamento
0,829432170896476;Treinamento
0,819353660763191;Treinamento
0,800912908526566;Treinamento
0,784626620412635;Treinamento
0,776593025378857;Treinamento
0,774876757348914;Treinamento
0,795252875661859;Treinamento
0,821325543180573;Treinamento
0,837575314953442;Treinamento
0,792842797151725;Treinamento
0,730728501004199;Treinamento
0,674748950155194;Treinamento
0,621946320978638;Treinamento
0,536899762643783;Treinamento
0,451305459192989;Treinamento
0,390469234982655;Treinamento
0,354025926602154;Treinamento
0,340989592842797;Treinamento
0,343472704035056;Treinamento
0,368522914004017;Treinamento
0,452400949424868;Treinamento
0,613693627898485;Treinamento
0,762570750410809;Treinamento
0,784882234800073;Treinamento
0,779587365345992;Treinamento
0,787109731604893;Treinamento
0,756289939748037;Treinamento
0,732992514150082;Treinamento
0,709585539528939;Treinamento
0,68789483293774;Treinamento
0,683074675917473;Treinamento
0,733868906335585;Treinamento
0,778053679021362;Treinamento
0,750702939565456;Treinamento
0,689026839510681;Treinamento
0,623114843892642;Treinamento
0,56954537155377;Treinamento
0,516925324082527;Treinamento
0,443417929523462;Treinamento
0,398575862698558;Treinamento
0,355121416834033;Treinamento
0,340807011137484;Treinamento
0,338068285557787;Treinamento
0,347051305459193;Treinamento
0,36731787474895;Treinamento
0,422421033412452;Treinamento
0,492861055322257;Treinamento
0,538287383604163;Treinamento
0,590907431075406;Treinamento
0,620376118312945;Treinamento
0,637794412999817;Treinamento
0,621106445134198;Treinamento
0,597699470513055;Treinamento
0,58331203213438;Treinamento
0,601971882417382;Treinamento
0,655760452802629;Treinamento
0,696731787474895;Treinamento
0,693080153368632;Treinamento
0,628811393098411;Treinamento
0,553149534416651;Treinamento
0,497389081614022;Treinamento
0,439693262735074;Treinamento
0,378747489501552;Treinamento
0,320248311119226;Treinamento
0,286799342705861;Treinamento
0,27343436187694;Treinamento
0,262844622968779;Treinamento
0,257075041080884;Treinamento
0,266532773416104;Treinamento
0,299251415008216;Treinamento
0,350301259813767;Treinamento
0,40138762096038;Treinamento
0,459266021544641;Treinamento
0,494905970421764;Treinamento
0,527880226401315;Treinamento
0,527880226401315;Treinamento
0,518933722840971;Treinamento
0,509658572211064;Treinamento
0,55563264560891;Treinamento
0,610954902318788;Treinamento
0,660215446412269;Treinamento
0,643381413182399;Treinamento
0,592477633741099;Treinamento
0,536169435822531;Treinamento
0,496585722110645;Treinamento
0,441409530765017;Treinamento
0,374255979550849;Treinamento
0,336680664597407;Treinamento
0,310461931714442;Treinamento
0,288442578053679;Treinamento
0,303633375935731;Treinamento
0,334672265838963;Treinamento
0,42837319700566;Treinamento
0,607266751871463;Treinamento
0,757641044367354;Treinamento
0,792441117400037;Treinamento
0,790688333029031;Treinamento
0,800657294139127;Treinamento
0,790067555230966;Treinamento
0,772430162497718;Treinamento
0,773270038342158;Treinamento
0,772357129815592;Treinamento
0,789410261091839;Treinamento
0,812196457914917;Treinamento
0,825853569472339;Treinamento
0,788533868906336;Treinamento
0,738506481650539;Treinamento
0,674347270403506;Treinamento
0,618732882965127;Treinamento
0,53810480189885;Treinamento
0,442249406609458;Treinamento
0,371991966404966;Treinamento
0,330545919298886;Treinamento
0,32433814131824;Treinamento
0,324192075953989;Treinamento
0,355815227314223;Treinamento
0,430564177469418;Treinamento
0,610078510133285;Treinamento
0,763301077232061;Treinamento
0,776885156107358;Treinamento
0,765309475990506;Treinamento
0,761146613109366;Treinamento
0,759649443125799;Treinamento
0,745079423041811;Treinamento
0,748219828373197;Treinamento
0,759576410443674;Treinamento
0,76593025378857;Treinamento
0,805952163593208;Treinamento
0,840314040533139;Treinamento
0,802738725579697;Treinamento
0,761949972612744;Treinamento
0,691217819974439;Treinamento
0,645170713894468;Treinamento
0,559868541172175;Treinamento
0,47427423772138;Treinamento
0,403067372649261;Treinamento
0,370640861785649;Treinamento
0,350045645426328;Treinamento
0,357458462662041;Treinamento
0,379477816322804;Treinamento
0,467080518532043;Treinamento
0,626401314588278;Treinamento
0,783092934088004;Treinamento
0,804820157020267;Treinamento
0,794522548840606;Treinamento
0,795764104436735;Treinamento
0,784188424319883;Treinamento
0,780901953624247;Treinamento
0,763921855030126;Treinamento
0,761219645791492;Treinamento
0,770385247398211;Treinamento
0,803286470695636;Treinamento
0,836918020814314;Treinamento
0,804929706043454;Treinamento
0,752601789300712;Treinamento
0,691035238269125;Treinamento
0,642906700748585;Treinamento
0,559028665327734;Treinamento
0,461493518349461;Treinamento
0,402154464122695;Treinamento
0,369581887894833;Treinamento
0,351761913456272;Treinamento
0,358517436552857;Treinamento
0,398758444403871;Treinamento
0,483111192258536;Treinamento
0,647799890450977;Treinamento
0,80138762096038;Treinamento
0,825488406061713;Treinamento
0,807303268212525;Treinamento
0,808216176739091;Treinamento
0,793390542267665;Treinamento
0,775716633193354;Treinamento
0,770348731057148;Treinamento
0,772722293226219;Treinamento
0,784151907978821;Treinamento
0,820777798064634;Treinamento
0,867190067555231;Treinamento
0,834873105714807;Treinamento
0,775607084170166;Treinamento
0,702976081796604;Treinamento
0,644148256344714;Treinamento
0,567427423772138;Treinamento
0,474164688698192;Treinamento
0,421362059521636;Treinamento
0,405039255066642;Treinamento
0,376227861968231;Treinamento
0,379989045097681;Treinamento
0,411393098411539;Treinamento
0,500127807193719;Treinamento
0,661603067372649;Treinamento
0,80861785649078;Treinamento
0,829651268942852;Treinamento
0,819864889538068;Treinamento
0,81738177834581;Treinamento
0,805477451159394;Treinamento
0,783202483111192;Treinamento
0,755705678291035;Treinamento
0,740880043819609;Treinamento
0,740953076501734;Treinamento
0,775680116852291;Treinamento
0,791053496439657;Treinamento
0,753843344896841;Treinamento
0,684024100785101;Treinamento
0,610772320613475;Treinamento
0,551506299068833;Treinamento
0,480482015702027;Treinamento
0,412963301077232;Treinamento
0,344166514515246;Treinamento
0,318568559430345;Treinamento
0,283111192258536;Treinamento
0,276684316231514;Treinamento
0,280043819609275;Treinamento
0,30388899032317;Treinamento
0,345846266204126;Treinamento
0,405587000182582;Treinamento
0,447325178017163;Treinamento
0,504582800803359;Treinamento
0,539163775789666;Treinamento
0,53879861237904;Treinamento
0,53602337045828;Treinamento
0,51404053313858;Treinamento
0,505386160306737;Treinamento
0,517655650903779;Treinamento
0,576118312945043;Treinamento
0,659192988862516;Treinamento
0,627022092386343;Treinamento
0,566258900858134;Treinamento
0,506591199561804;Treinamento
0,470878218002556;Treinamento
0,411283549388351;Treinamento
0,343618769399306;Treinamento
0,299324447690341;Treinamento
0,271389446777433;Treinamento
0,253934635749498;Treinamento
0,248493700931167;Treinamento
0,247945955815227;Treinamento
0,270001825817053;Treinamento
0,303560343253606;Treinamento
0,353259083439839;Treinamento
0,412525104984481;Treinamento
0,466970969508855;Treinamento
0,496877852839146;Treinamento
0,505130545919299;Treinamento
0,484937009311667;Treinamento
0,476757348913639;Treinamento
0,485265656381231;Treinamento
0,518860690158846;Treinamento
0,587840058426146;Treinamento
0,661018805915647;Treinamento
0,657878400584262;Treinamento
0,620741281723571;Treinamento
0,585247398210699;Treinamento
0,551579331750959;Treinamento
0,48942851926237;Treinamento
0,434325360598868;Treinamento
0,372685776885156;Treinamento
0,359174730691985;Treinamento
0,355011867810845;Treinamento
0,365711155742195;Treinamento
0,405221836771955;Treinamento
0,504071572028483;Treinamento
0,677341610370641;Treinamento
0,832499543545737;Treinamento
0,859594668614205;Treinamento
0,866240642687603;Treinamento
0,843308380500274;Treinamento
0,800255614387438;Treinamento
0,784078875296695;Treinamento
0,775497535146978;Treinamento
0,764871279897754;Treinamento
0,788497352565273;Treinamento
0,840569654920577;Treinamento
0,891071754610188;Treinamento
0,85952163593208;Treinamento
0,822055870001826;Treinamento
0,758444403870732;Treinamento
0,709622055870002;Treinamento
0,626072667518715;Treinamento
0,546101880591565;Treinamento
0,479167427423772;Treinamento
0,440021909804638;Treinamento
0,439035968595947;Treinamento
0,459777250319518;Treinamento
0,499945225488406;Treinamento
0,589373744750776;Treinamento
0,76523644330838;Treinamento
0,917253971152091;Treinamento
0,934051488040898;Treinamento
0,923680847179113;Treinamento
0,910023735621691;Treinamento
0,882380865437283;Treinamento
0,855066642322439;Treinamento
0,847507759722476;Treinamento
0,824575497535147;Treinamento
0,819171079057878;Treinamento
0,857294139127259;Treinamento
0,90834398393281;Treinamento
0,874748950155194;Treinamento
0,845645426328282;Treinamento
0,789227679386525;Treinamento
0,739930618951981;Treinamento
0,656673361329195;Treinamento
0,573343071024283;Treinamento
0,525251049844806;Treinamento
0,493335767756071;Treinamento
0,480628081066277;Treinamento
0,481614022274968;Treinamento
0,537264926054409;Treinamento
0,625488406061713;Treinamento
0,784663136753697;Treinamento
0,915318605075771;Treinamento
0,906372101515428;Treinamento
0,881540989592843;Treinamento
0,871718093846997;Treinamento
0,835238269125434;Treinamento
0,785429979916012;Treinamento
0,764433083805003;Treinamento
0,760416286288114;Treinamento
0,77593573123973;Treinamento
0,811027935000913;Treinamento
0,850027387255797;Treinamento
0,811794778163228;Treinamento
0,760343253605989;Treinamento
0,689501551944495;Treinamento
0,647799890450977;Treinamento
0,572503195179843;Treinamento
0,496476173087457;Treinamento
0,43213438013511;Treinamento
0,391966404966222;Treinamento
0,379733430710243;Treinamento
0,387219280628081;Treinamento
0,423443490962206;Treinamento
0,513930984115392;Treinamento
0,688223480007303;Treinamento
0,839291582983385;Treinamento
0,854372831842249;Treinamento
0,839620230052949;Treinamento
0,819171079057878;Treinamento
0,798356764652182;Treinamento
0,772795325908344;Treinamento
0,750995070293957;Treinamento
0,741464305276611;Treinamento
0,743582253058244;Treinamento
0,780828920942122;Treinamento
0,845280262917656;Treinamento
0,841957275880957;Treinamento
0,796275333211612;Treinamento
0,74825634471426;Treinamento
0,702099689611101;Treinamento
0,625196275333212;Treinamento
0,542012050392551;Treinamento
0,483257257622786;Treinamento
0,432901223297426;Treinamento
0,411100967683038;Treinamento
0,419901405879131;Treinamento
0,453605988679934;Treinamento
0,551141135658207;Treinamento
0,709549023187877;Treinamento
0,836735439109001;Treinamento
0,86244294321709;Treinamento
0,857987949607449;Treinamento
0,834544458645244;Treinamento
0,824100785101333;Treinamento
0,80222749680482;Treinamento
0,773781267117035;Treinamento
0,750301259813767;Treinamento
0,731422311484389;Treinamento
0,767536972795326;Treinamento
0,812671170348731;Treinamento
0,788862515975899;Treinamento
0,728208873470878;Treinamento
0,646960014606536;Treinamento
0,593682672996166;Treinamento
0,522001095490232;Treinamento
0,437319700566003;Treinamento
0,390505751323717;Treinamento
0,34686872375388;Treinamento
0,316194997261274;Treinamento
0,311447872923133;Treinamento
0,308270951250685;Treinamento
0,338031769216725;Treinamento
0,379623881687055;Treinamento
0,435676465218185;Treinamento
0,502355303998539;Treinamento
0,57316048931897;Treinamento
0,600876392185503;Treinamento
0,60569654920577;Treinamento
0,61223297425598;Treinamento
0,602446594851196;Treinamento
0,579149169253241;Treinamento
0,580098594120869;Treinamento
0,6400584261457;Treinamento
0,693445316779259;Treinamento
0,662808106627716;Treinamento
0,60138762096038;Treinamento
0,53003469052401;Treinamento
0,496257075041081;Treinamento
0,428993974803725;Treinamento
0,371444221289027;Treinamento
0,320138762096038;Treinamento
0,295599780901954;Treinamento
0,271791126529122;Treinamento
0,271170348731057;Treinamento
0,267299616578419;Treinamento
0,278473616943582;Treinamento
0,304801898849735;Treinamento
0,356764652181851;Treinamento
0,401606719006756;Treinamento
0,478692714989958;Treinamento
0,5198831477086;Treinamento
0,541099141865985;Treinamento
0,543217089647617;Treinamento
0,540076684316231;Treinamento
0,544604710607997;Treinamento
0,559905057513237;Treinamento
0,601679751688881;Treinamento
0,635530399853935;Treinamento
0,625232791674274;Treinamento
0,591418659850283;Treinamento
0,550009129085266;Treinamento
0,508891729048749;Treinamento
0,448530217272229;Treinamento
0,379368267299617;Treinamento
0,325944860324995;Treinamento
0,294540807011137;Treinamento
0,278948329377396;Treinamento
0,283622421033412;Treinamento
0,308855212707687;Treinamento
0,396896111009677;Treinamento
0,558992148986671;Treinamento
0,69026839510681;Treinamento
0,714405696549206;Treinamento
0,716487127989775;Treinamento
0,722767938652547;Treinamento
0,701186781084535;Treinamento
0,691035238269125;Treinamento
0,689903231696184;Treinamento
0,685156107358043;Treinamento
0,690377944129998;Treinamento
0,723096585722111;Treinamento
0,77301442395472;Treinamento
0,765893737447508;Treinamento
0,708563081979186;Treinamento
0,638415190797882;Treinamento
0,595727588095673;Treinamento
0,51864159211247;Treinamento
0,410224575497535;Treinamento
0,369508855212708;Treinamento
0,347051305459193;Treinamento
0,352601789300712;Treinamento
0,362716815775059;Treinamento
0,378966587547928;Treinamento
0,467263100237356;Treinamento
0,629468687237539;Treinamento
0,775680116852291;Treinamento
0,801716268029943;Treinamento
0,785174365528574;Treinamento
0,795508490049297;Treinamento
0,776264378309293;Treinamento
0,739784553587731;Treinamento
0,718568559430345;Treinamento
0,721161219645791;Treinamento
0,721635932079606;Treinamento
0,758700018258171;Treinamento
0,809421215994157;Treinamento
0,790834398393281;Treinamento
0,74993609640314;Treinamento
0,680043819609275;Treinamento
0,624831111922585;Treinamento
0,563301077232061;Treinamento
0,472265838962936;Treinamento
0,417856490779624;Treinamento
0,383092934088004;Treinamento
0,378491875114114;Treinamento
0,391016980098594;Treinamento
0,431878765747672;Treinamento
0,520284827460288;Treinamento
0,67343436187694;Treinamento
0,790213620595216;Treinamento
0,798648895380683;Treinamento
0,799926967317875;Treinamento
0,795435457367172;Treinamento
0,776045280262918;Treinamento
0,751506299068833;Treinamento
0,729523461749133;Treinamento
0,713310206317327;Treinamento
0,721161219645791;Treinamento
0,754975351469783;Treinamento
0,815519444951616;Treinamento
0,806572941391273;Treinamento
0,775059339054227;Treinamento
0,709439474164689;Treinamento
0,664853021727223;Treinamento
0,589300712068651;Treinamento
0,507796238816871;Treinamento
0,446412269490597;Treinamento
0,418331203213438;Treinamento
0,412050392550666;Treinamento
0,42044915099507;Treinamento
0,456928975716633;Treinamento
0,547197370823443;Treinamento
0,724119043271864;Treinamento
0,86704400219098;Treinamento
0,886105532225671;Treinamento
0,865583348548475;Treinamento
0,829432170896476;Treinamento
0,804929706043454;Treinamento
0,76731787474895;Treinamento
0,734599233156838;Treinamento
0,737666605806098;Treinamento
0,746905240094943;Treinamento
0,789483293773964;Treinamento
0,857294139127259;Treinamento
0,836078144969874;Treinamento
0,799707869271499;Treinamento
0,756362972430162;Treinamento
0,720248311119226;Treinamento
0,655322256709878;Treinamento
0,566770129633011;Treinamento
0,526930801533686;Treinamento
0,501259813766661;Treinamento
0,499068833302903;Treinamento
0,504911447872923;Treinamento
0,547635566916195;Treinamento
0,635092203761183;Treinamento
0,792842797151725;Treinamento
0,92433814131824;Treinamento
0,948767573489136;Treinamento
0,928135840788753;Treinamento
0,882526930801534;Treinamento
0,842651086361147;Treinamento
0,801935366076319;Treinamento
0,778199744385613;Treinamento
0,765345992331568;Treinamento
0,772101515428154;Treinamento
0,805550483841519;Treinamento
0,870403505568742;Treinamento
0,835493883512872;Treinamento
0,772174548110279;Treinamento
0,684754427606354;Treinamento
0,64506116487128;Treinamento
0,580062077779806;Treinamento
0,483878035420851;Treinamento
0,43991236078145;Treinamento
0,402592660215446;Treinamento
0,399342705860873;Treinamento
0,390140587913091;Treinamento
0,390213620595216;Treinamento
0,406572941391273;Treinamento
0,456527295964944;Treinamento
0,509987219280628;Treinamento
0,569581887894833;Treinamento
0,630856308197919;Treinamento
0,647325178017163;Treinamento
0,648347635566916;Treinamento
0,615263830564177;Treinamento
0,588862515975899;Treinamento
0,580792404601059;Treinamento
0,604966222384517;Treinamento
0,670914734343619;Treinamento
0,724703304728866;Treinamento
0,704655833485485;Treinamento
0,627277706773781;Treinamento
0,549570932992514;Treinamento
0,512762461201388;Treinamento
0,444805550483842;Treinamento
0,390724849370093;Treinamento
0,348183312032134;Treinamento
0,315099507029396;Treinamento
0,296037976994705;Treinamento
0,283841519079788;Treinamento
0,279715172539712;Treinamento
0,28873470878218;Treinamento
0,314332663867081;Treinamento
0,363301077232061;Treinamento
0,408836954537155;Treinamento
0,469855760452803;Treinamento
0,545298521088187;Treinamento
0,571261639583714;Treinamento
0,563848822348001;Treinamento
0,553770312214716;Treinamento
0,568303815957641;Treinamento
0,57177286835859;Treinamento
0,6144604710608;Treinamento
0,68720102245755;Treinamento
0,688223480007303;Treinamento
0,652547014789118;Treinamento
0,605915647252145;Treinamento
0,574730691984663;Treinamento
0,507065911995618;Treinamento
0,443892641957276;Treinamento
0,374182946868724;Treinamento
0,346978272777068;Treinamento
0,330838050027387;Treinamento
0,327697644696001;Treinamento
0,35409895928428;Treinamento
0,44937009311667;Treinamento
0,620412634654008;Treinamento
0,749242285922951;Treinamento
0,779404783640679;Treinamento
0,775826182216542;Treinamento
0,783348548475443;Treinamento
0,768632463027205;Treinamento
0,730984115391638;Treinamento
0,714807376300895;Treinamento
0,699287931349279;Treinamento
0,684754427606354;Treinamento
0,725616213255432;Treinamento
0,781194084352748;Treinamento
0,762680299433997;Treinamento
0,715829833850648;Treinamento
0,652875661858682;Treinamento
0,615884608362242;Treinamento
0,534854847544276;Treinamento
0,445280262917656;Treinamento
0,378053679021362;Treinamento
0,345919298886252;Treinamento
0,343837867445682;Treinamento
0,336425050209969;Treinamento
0,369070659119956;Treinamento
0,419901405879131;Treinamento
0,566514515245572;Treinamento
0,709074310754062;Treinamento
0,728756618586818;Treinamento
0,728756618586818;Treinamento
0,736315501186781;Treinamento
0,728172357129816;Treinamento
0,715209056052584;Treinamento
0,711082709512507;Treinamento
0,674055139675005;Treinamento
0,666605806098229;Treinamento
0,688333029030491;Treinamento
0,751250684681395;Treinamento
0,76885156107358;Treinamento
0,732079605623516;Treinamento
0,663392368084718;Treinamento
0,616286288113931;Treinamento
0,535731239729779;Treinamento
0,456271681577506;Treinamento
0,397151725397115;Treinamento
0,37885703852474;Treinamento
0,385283914551762;Treinamento
0,393244476903414;Treinamento
0,435676465218185;Treinamento
0,510315866350192;Treinamento
0,683914551761913;Treinamento
0,80445499360964;Treinamento
0,828117582618222;Treinamento
0,814022274968048;Treinamento
0,80153368632463;Treinamento
0,760562351652364;Treinamento
0,714004016797517;Treinamento
0,679350009129085;Treinamento
0,667993427058609;Treinamento
0,663574949790031;Treinamento
0,699141865985028;Treinamento
0,784553587730509;Treinamento
0,811575680116852;Treinamento
0,77316048931897;Treinamento
0,71641409530765;Treinamento
0,665692897571663;Treinamento
0,606171261639584;Treinamento
0,53379587365346;Treinamento
0,481029760817966;Treinamento
0,446558334854848;Treinamento
0,430418112105167;Treinamento
0,434763556691619;Treinamento
0,474201205039255;Treinamento
0,555596129267847;Treinamento
0,696549205769582;Treinamento
0,802264013145883;Treinamento
0,830491144787292;Treinamento
0,828555778710973;Treinamento
0,86981924411174;Treinamento
0,844513419755341;Treinamento
0,775205404418477;Treinamento
0,782399123607814;Treinamento
0,774694175643601;Treinamento
0,790286653277342;Treinamento
0,816359320796056;Treinamento
0,859886799342706;Treinamento
0,843235347818149;Treinamento
0,793317509585539;Treinamento
0,722183677195545;Treinamento
0,667628263647982;Treinamento
0,591090012780719;Treinamento
0,492203761183129;Treinamento
0,439948877122512;Treinamento
0,405185320430893;Treinamento
0,393938287383604;Treinamento
0,404272411904327;Treinamento
0,427569837502282;Treinamento
0,508599598320248;Treinamento
0,653532955997809;Treinamento
0,772064999087091;Treinamento
0,807777980646339;Treinamento
0,802337045828008;Treinamento
0,785649077962388;Treinamento
0,748292861055322;Treinamento
0,735658207047654;Treinamento
0,711666970969509;Treinamento
0,692532408252693;Treinamento
0,672302355303999;Treinamento
0,691875114113566;Treinamento
0,741099141865985;Treinamento
0,715793317509586;Treinamento
0,661785649077962;Treinamento
0,575314953441665;Treinamento
0,514478729231331;Treinamento
0,472704035055687;Treinamento
0,407595398941026;Treinamento
0,339054226766478;Treinamento
0,294321708964762;Treinamento
0,272411904327186;Treinamento
0,25744020449151;Treinamento
0,261712616395837;Treinamento
0,305167062260361;Treinamento
0,349132736899763;Treinamento
0,3891546467044;Treinamento
0,453350374292496;Treinamento
0,521270768668979;Treinamento
0,568413364980829;Treinamento
0,590724849370093;Treinamento
0,566843162315136;Treinamento
0,553259083439839;Treinamento
0,537118860690159;Treinamento
0,545736717180939;Treinamento
0,58261822165419;Treinamento
0,649004929706044;Treinamento
0,68497352565273;Treinamento
0,631915282088735;Treinamento
0,565419025013694;Treinamento
0,516341062625525;Treinamento
0,49012232974256;Treinamento
0,434507942304181;Treinamento
0,386269855760453;Treinamento
0,353952893920029;Treinamento
0,333430710242834;Treinamento
0,322987036698923;Treinamento
0,330728501004199;Treinamento
0,348877122512324;Treinamento
0,378747489501552;Treinamento
0,41099141865985;Treinamento
0,463392368084718;Treinamento
0,518860690158846;Treinamento
0,539127259448603;Treinamento
0,537191893372284;Treinamento
0,520686507211977;Treinamento
0,519079788205222;Treinamento
0,517984297973343;Treinamento
0,528866167610005;Treinamento
0,58400584261457;Treinamento
0,675990505751324;Treinamento
0,699470513054592;Treinamento
0,643563994887712;Treinamento
0,600365163410626;Treinamento
0,562497717728684;Treinamento
0,500931166697097;Treinamento
0,449260544093482;Treinamento
0,404893189702392;Treinamento
0,373890816140223;Treinamento
0,379952528756619;Treinamento
0,397297790761366;Treinamento
0,440679203943765;Treinamento
0,524411174000365;Treinamento
0,690487493153186;Treinamento
0,808873470878218;Treinamento
0,82629176556509;Treinamento
0,815081248858864;Treinamento
0,781449698740186;Treinamento
0,747745115939383;Treinamento
0,725324082526931;Treinamento
0,716998356764652;Treinamento
0,716487127989775;Treinamento
0,715866350191711;Treinamento
0,74686872375388;Treinamento
0,817162680299434;Treinamento
0,837794412999817;Treinamento
0,805440934818331;Treinamento
0,755705678291035;Treinamento
0,714296147526018;Treinamento
0,628884425780537;Treinamento
0,554865802446595;Treinamento
0,48804089830199;Treinamento
0,449260544093482;Treinamento
0,443746576593025;Treinamento
0,462296877852839;Treinamento
0,495088552127077;Treinamento
0,583129450429067;Treinamento
0,757385429979916;Treinamento
0,884024100785101;Treinamento
0,890049297060435;Treinamento
0,87412817235713;Treinamento
0,836479824721563;Treinamento
0,825853569472339;Treinamento
0,800584261457002;Treinamento
0,785758626985576;Treinamento
0,780208143144057;Treinamento
0,793609640314041;Treinamento
0,840934818331203;Treinamento
0,912908526565638;Treinamento
0,917473069198466;Treinamento
0,869892276793865;Treinamento
0,804162862881139;Treinamento
0,754025926602155;Treinamento
0,676793865254702;Treinamento
0,594632097863794;Treinamento
0,543655285740369;Treinamento
0,514697827277707;Treinamento
0,52141683403323;Treinamento
0,523279167427424;Treinamento
0,568815044732518;Treinamento
0,666350191710791;Treinamento
0,820595216359321;Treinamento
0,92641957275881;Treinamento
0,967938652547015;Treinamento
0,958079240460106;Treinamento
0,927551579331751;Treinamento
0,890743107540624;Treinamento
0,863538433448968;Treinamento
0,845572393646157;Treinamento
0,829979916012416;Treinamento
0,82322439291583;Treinamento
0,859375570567829;Treinamento
0,923571298155925;Treinamento
0,945444586452437;Treinamento
0,908891729048749;Treinamento
0,860653642505021;Treinamento
0,815555961292678;Treinamento
0,74533503742925;Treinamento
0,660872740551397;Treinamento
0,593573123972978;Treinamento
0,584955267482198;Treinamento
0,583458097498631;Treinamento
0,594193901771043;Treinamento
0,63337593573124;Treinamento
0,716596677012963;Treinamento
0,864268760270221;Treinamento
0,976593025378857;Treinamento
0,991418659850283;Treinamento
0,964542632828191;Treinamento
0,937264926054409;Treinamento
0,924301624977177;Treinamento
0,883257257622786;Treinamento
0,856381230600694;Treinamento
0,823845170713895;Treinamento
0,837210151542815;Treinamento
0,854190250136936;Treinamento
0,907285010041994;Treinamento
0,936607631915282;Treinamento
0,898667153551214;Treinamento
0,843563994887712;Treinamento
0,808252693080153;Treinamento
0,736680664597407;Treinamento
0,638561256162133;Treinamento
0,5963848822348;Treinamento
0,5635566916195;Treinamento
0,567938652547015;Treinamento
0,59192988862516;Treinamento
0,629870366989228;Treinamento
0,717034873105715;Treinamento
0,856892459375571;Treinamento
0,981121051670623;Treinamento
1;Treinamento
0,969800985941209;Treinamento
0,937812671170349;Treinamento
0,901844075223663;Treinamento
0,838378674456819;Treinamento
0,79791856855943;Treinamento
0,754537155377031;Treinamento
0,748767573489136;Treinamento
0,768486397662954;Treinamento
0,828336680664597;Treinamento
0,864195727588096;Treinamento
0,818586817600876;Treinamento
0,745992331568377;Treinamento
0,691400401679752;Treinamento
0,638269125433632;Treinamento
0,577907613657112;Treinamento
0,555267482198284;Treinamento
0,524228592295052;Treinamento
0,499872192806281;Treinamento
0,499872192806281;Treinamento
0,498594120869089;Treinamento
0,52002921307285;Treinamento
0,561584809202118;Treinamento
0,609968961110097;Treinamento
0,681979185685594;Treinamento
0,729669527113383;Treinamento
0,743545736717181;Treinamento
0,730691984663137;Treinamento
0,706664232243929;Treinamento
0,688223480007303;Treinamento
0,689976264378309;Treinamento
0,692021179477816;Treinamento
0,727770677378127;Treinamento
0,795873653459923;Treinamento
0,819025013693628;Treinamento
0,751907978820522;Treinamento
0,670732152638306;Treinamento
0,624137301442395;Treinamento
0,577542450246485;Treinamento
0,534051488040898;Treinamento
0,483074675917473;Treinamento
0,446886981924411;Treinamento
0,426474347270404;Treinamento
0,431257987949607;Treinamento
0,438707321526383;Treinamento
0,440021909804638;Treinamento
0,469782727770677;Treinamento
0,515902866532773;Treinamento
0,569034142778894;Treinamento
0,605806098228957;Treinamento
0,623735621690707;Treinamento
0,647398210699288;Treinamento
0,63921855030126;Treinamento
0,632645608909987;Treinamento
0,621289026839511;Treinamento
0,618440752236626;Treinamento
0,645974073397846;Treinamento
0,718970239182034;Treinamento
0,760051122877488;Treinamento
0,730399853934636;Treinamento
0,672996165784188;Treinamento
0,629870366989228;Treinamento
0,56801168522914;Treinamento
0,493518349461384;Treinamento
0,458462662041263;Treinamento
0,424283366806646;Treinamento
0,420558700018258;Treinamento
0,437611831294504;Treinamento
0,462625524922403;Treinamento
0,551579331750959;Treinamento
0,695453715537703;Treinamento
0,809311666970969;Treinamento
0,82545188972065;Treinamento
0,82406426876027;Treinamento
0,805440934818331;Treinamento
0,772101515428154;Treinamento
0,744823808654373;Treinamento
0,731531860507577;Treinamento
0,722840971334672;Treinamento
0,706372101515428;Treinamento
0,717509585539529;Treinamento
0,772430162497718;Treinamento
0,811758261822165;Treinamento
0,788752966952711;Treinamento
0,734672265838963;Treinamento
0,690304911447873;Treinamento
0,614095307650174;Treinamento
0,528683585904692;Treinamento
0,465437283184225;Treinamento
0,433704582800803;Treinamento
0,422238451707139;Treinamento
0,429468687237539;Treinamento
0,456162132554318;Treinamento
0,531897023918203;Treinamento
0,67135293043637;Treinamento
0,804491509950703;Treinamento
0,827387255796969;Treinamento
0,824831111922585;Treinamento
0,829614752601789;Treinamento
0,812634654007668;Treinamento
0,778966587547928;Treinamento
0,758626985576045;Treinamento
0,764104436735439;Treinamento
0,766952711338324;Treinamento
0,766149351834946;Treinamento
0,814241373014424;Treinamento
0,848785831659668;Treinamento
0,810626255249224;Treinamento
0,753076501734526;Treinamento
0,702355303998539;Treinamento
0,619645791491693;Treinamento
0,52934088004382;Treinamento
0,481175826182217;Validacao
0,438305641774694;Validacao
0,433047288661676;Validacao
0,445426328281906;Validacao
0,481212342523279;Validacao
0,560744933357678;Validacao
0,701040715720285;Validacao
0,817856490779624;Validacao
0,855431805733066;Validacao
0,853934635749498;Validacao
0,852364433083805;Validacao
0,836370275698375;Validacao
0,806025196275333;Validacao
0,78984845718459;Validacao
0,783567646521819;Validacao
0,777505933905423;Validacao
0,793792222019354;Validacao
0,838853386890634;Validacao
0,874895015519445;Validacao
0,829468687237539;Validacao
0,773781267117035;Validacao
0,723388716450612;Validacao
0,644659485119591;Validacao
0,562899397480372;Validacao
0,49972612744203;Validacao
0,47496804820157;Validacao
0,456855943034508;Validacao
0,469198466313675;Validacao
0,496403140405331;Validacao
0,593025378857039;Validacao
0,717217454811028;Validacao
0,842687602702209;Validacao
0,870038342158116;Validacao
0,844842066824904;Validacao
0,815373379587365;Validacao
0,778199744385613;Validacao
0,741939017710425;Validacao
0,724630272046741;Validacao
0,708818696366624;Validacao
0,71794778163228;Validacao
0,727076866897937;Validacao
0,774365528574037;Validacao
0,821435092203761;Validacao
0,799233156837685;Validacao
0,756801168522914;Validacao
0,711666970969509;Validacao
0,641555596129268;Validacao
0,562570750410809;Validacao
0,505532225670988;Validacao
0,470074858499178;Validacao
0,483147708599598;Validacao
0,480408983019901;Validacao
0,519919664049662;Validacao
0,607595398941026;Validacao
0,762789848457185;Validacao
0,879934270586087;Validacao
0,897023918203396;Validacao
0,882526930801534;Validacao
0,863063721015154;Validacao
0,808873470878218;Validacao
0,768194266934453;Validacao
0,743217089647617;Validacao
0,708124885886434;Validacao
0,701150264743473;Validacao
0,706481650538616;Validacao
0,756362972430162;Validacao
0,79791856855943;Validacao
0,764469600146065;Validacao
0,697936826729962;Validacao
0,647945955815227;Validacao
0,591163045462845;Validacao
0,520138762096038;Validacao
0,487164506116487;Validacao
0,450246485302173;Validacao
0,43421581157568;Validacao
0,432645608909987;Validacao
0,446960014606536;Validacao
0,478327551579332;Validacao
0,510279350009129;Validacao
0,556983750228227;Validacao
0,619791856855943;Validacao
0,65758626985576;Validacao
0,665108636114661;Validacao
0,647872923133102;Validacao
0,606463392368085;Validacao
0,574876757348914;Validacao
0,569326273507395;Validacao
0,567646521818514;Validacao
0,60069381048019;Validacao
0,675698375022823;Validacao
0,711301807558883;Validacao
0,677305094029578;Validacao
0,616614935183495;Validacao
0,574876757348914;Validacao
0,514478729231331;Validacao
0,468358590469235;Validacao
0,438999452254884;Validacao
0,39415738542998;Validacao
0,377725031951798;Validacao
0,368522914004017;Validacao
0,374949790031039;Validacao
0,39054226766478;Validacao
0,401862333394194;Validacao
0,437867445681943;Validacao
0,497243016249772;Validacao
0,540697462114296;Validacao
0,568522914004017;Validacao
0,581011502647435;Validacao
0,559028665327734;Validacao
0,531130180755888;Validacao
0,526054409348183;Validacao
0,535731239729779;Validacao
0,547599050575132;Validacao
0,604053313857951;Validacao
0,649114478729231;Validacao
0,620120503925507;Validacao
0,549023187876575;Validacao
0,503815957641044;Validacao
0,442030308563082;Validacao
0,376008763921855;Validacao
0,332079605623517;Validacao
0,304509768121234;Validacao
0,300200839875844;Validacao
0,305167062260361;Validacao
0,360343253605989;Validacao
0,44297973343071;Validacao
0,585247398210699;Validacao
0,723534781814862;Validacao
0,740076684316232;Validacao
0,725214533503743;Validacao
0,709110827095125;Validacao
0,694832937739639;Validacao
0,666532773416104;Validacao
0,660178930071207;Validacao
0,639328099324448;Validacao
0,641336498082892;Validacao
0,651561073580427;Validacao
0,696841336498083;Validacao
0,720686507211977;Validacao
0,687456636844988;Validacao
0,63129450429067;Validacao
0,585028300164324;Validacao
0,510279350009129;Validacao
0,427935000912909;Validacao
0,373416103706409;Validacao
0,341464305276611;Validacao
0,334051488040898;Validacao
0,329888625159759;Validacao
0,361584809202118;Validacao
0,44937009311667;Validacao
0,603834215811576;Validacao
0,740405331385795;Validacao
0,758736534599233;Validacao
0,754062442943217;Validacao
0,747306919846631;Validacao
0,741427788935549;Validacao
0,73226218732883;Validacao
0,717874748950155;Validacao
0,704838415190798;Validacao
0,708745663684499;Validacao
0,714259631184955;Validacao
0,745882782545189;Validacao
0,75132371736352;Validacao
0,707175461018806;Validacao
0,645316779258718;Validacao
0,597370823443491;Validacao
0,519846631367537;Validacao
0,436516341062626;Validacao
0,382033960197188;Validacao
0,343764834763557;Validacao
0,331860507577141;Validacao
0,330838050027387;Validacao
0,363081979185686;Validacao
0,444257805367902;Validacao
0,580427241190433;Validacao
0,704436735439109;Validacao
0,730618951981011;Validacao
0,726236991053496;Validacao
0,717436552857404;Validacao
0,70388899032317;Validacao
0,668796786561986;Validacao
0,646960014606536;Validacao
0,626876027022092;Validacao
0,626802994339967;Validacao
0,628555778710973;Validacao
0,670805185320431;Validacao
0,713164140953076;Validacao
0,699068833302903;Validacao
0,646485302172722;Validacao
0,599014058791309;Validacao
0,524666788387804;Validacao
0,433339419390177;Validacao
0,388862515975899;Validacao
0,357348913638853;Validacao
0,348475442760635;Validacao
0,338068285557787;Validacao
0,374219463209786;Validacao
0,443381413182399;Validacao
0,591309110827095;Validacao
0,694285192623699;Validacao
0,743326638670805;Validacao
0,73394193901771;Validacao
0,741500821617674;Validacao
0,75062990688333;Validacao
0,729706043454446;Validacao
0,72503195179843;Validacao
0,703085630819792;Validacao
0,703779441299982;Validacao
0,702026656928976;Validacao
0,736278984845718;Validacao
0,773123972977908;Validacao
0,757348913638853;Validacao
0,684937009311667;Validacao
0,624538981194084;Validacao
0,548694540807011;Validacao
0,477998904509768;Validacao
0,421398575862699;Validacao
0,402264013145883;Validacao
0,394522548840606;Validacao
0,398028117582618;Validacao
0,435457367171809;Validacao
0,526930801533686;Validacao
0,647726857768852;Validacao
0,765601606719007;Validacao
0,817491327368998;Validacao
0,806609457732335;Validacao
0,800766843162315;Validacao
0,77593573123973;Validacao
0,757787109731605;Validacao
0,733065546832207;Validacao
0,716048931897024;Validacao
0,699433996713529;Validacao
0,71502647434727;Validacao
0,77900310388899;Validacao
0,854226766477999;Validacao
0,799817418294687;Validacao
0,746905240094943;Validacao
0,707504108088369;Validacao
0,649808289209421;Validacao
0,606171261639584;Validacao
0,562351652364433;Validacao
0,535475625342341;Validacao
0,533248128537521;Validacao
0,5274055139675;Validacao
0,556910717546102;Validacao
0,585649077962388;Validacao
0,621471608544824;Validacao
0,673653459923316;Validacao
0,704436735439109;Validacao
0,729158298338506;Validacao
0,705020996896111;Validacao
0,66244294321709;Validacao
0,627642870184408;Validacao
0,600584261457002;Validacao
0,565382508672631;Validacao
0,570640861785649;Validacao
0,606244294321709;Validacao
0,711666970969509;Validacao
0,766185868176009;Validacao
0,722987036698923;Validacao
0,643710060251963;Validacao
0,61015154281541;Validacao
0,571845901040716;Validacao
0,51141135658207;Validacao
0,455723936461567;Validacao
0,425415373379587;Validacao
0,404564542632828;Validacao
0,412196457914917;Validacao
0,407266751871462;Validacao
0,415811575680117;Validacao
0,411137484024101;Validacao
0,441884243198831;Validacao
0,485703852473982;Validacao
0,537812671170349;Validacao
0,572503195179843;Validacao
0,57232061347453;Validacao
0,575753149534417;Validacao
0,569764469600146;Validacao
0,564688698192441;Validacao
0,571955450063904;Validacao
0,58108453532956;Validacao
0,642760635384334;Validacao
0,67412817235713;Validacao
0,62976081796604;Validacao
0,570202665692898;Validacao
0,522183677195545;Validacao
0,465400766843162;Validacao
0,399415738542998;Validacao
0,301917107905788;Validacao
0,32057695818879;Validacao
0,312506846813949;Validacao
0,325104984480555;Validacao
0,372941391272595;Validacao
0,471425963118496;Validacao
0,59707869271499;Validacao
0,724776337410991;Validacao
0,765126894285193;Validacao
0,763629724301625;Validacao
0,74478729231331;Validacao
0,72057695818879;Validacao
0,696476173087457;Validacao
0,673251780171627;Validacao
0,650648165053862;Validacao
0,651159393828738;Validacao
0,650575132371736;Validacao
0,6801168522914;Validacao
0,72280445499361;Validacao
0,697206499908709;Validacao
0,616213255431806;Validacao
0,561037064086179;Validacao
0,51557421946321;Validacao
0,422348000730327;Validacao
0,38316596677013;Validacao
0,346576593025379;Validacao
0,33518349461384;Validacao
0,341281723571298;Validacao
0,360708417016615;Validacao
0,414204856673361;Validacao
0,523790396202301;Validacao
0,616761000547745;Validacao
0,661091838597773;Validacao
0,679788205221837;Validacao
0,683951068102976;Validacao
0,678218002556144;Validacao
0,646996530947599;Validacao
0,627131641409531;Validacao
0,622457549753515;Validacao
0,60153368632463;Validacao
0,606280810662772;Validacao
0,643235347818149;Validacao
0,664597407339785;Validacao
0,633777615482929;Validacao
0,573562169070659;Validacao
0,524192075953989;Validacao
0,444476903414278;Validacao
0,377396384882235;Validacao
0,336425050209969;Validacao
0,278948329377396;Validacao
0,256782910352383;Validacao
0,286069015884608;Validacao
0,304765382508673;Validacao
0,347087821800256;Validacao
0,462369910534964;Validacao
0,593134927880226;Validacao
0,653313857951433;Validacao
0,647434727040351;Validacao
0,643308380500274;Validacao
0,641373014423955;Validacao
0,622494066094577;Validacao
0,596530947599051;Validacao
0,583202483111192;Validacao
0,574182946868724;Validacao
0,593974803724667;Validacao
0,641738177834581;Validacao
0,672265838962936;Validacao
0,669381048018988;Validacao
0,609494248676283;Validacao
0,557348913638853;Validacao
0,480628081066277;Validacao
0,401022457549754;Validacao
0,354683220741282;Validacao
0,331349278802264;Validacao
0,341683403322987;Validacao
0,354829286105532;Validacao
0,380463757531495;Validacao
0,439729779076137;Validacao
0,542924958919116;Validacao
0,635311301807559;Validacao
0,673142231148439;Validacao
0,64867628263648;Validacao
0,613949242285923;Validacao
0,603322987036699;Validacao
0,594412999817418;Validacao
0,569180208143144;Validacao
0,562534234069746;Validacao
0,575753149534417;Validacao
0,581814862150812;Validacao
0,61530034690524;Validacao
0,668066459740734;Validacao
0,659777250319518;Validacao
0,599780901953624;Validacao
0,558626985576045;Validacao
0,498119408435275;Validacao
0,431550118678108;Validacao
0,368048201570203;Validacao
0,346065364250502;Validacao
0,349278802264013;Validacao
0,364287018440752;Validacao
0,387365345992332;Validacao
0,445864524374658;Validacao
0,565857221106445;Validacao
0,687529669527113;Validacao
0,727295964944313;Validacao
0,716852291400402;Validacao
0,692970604345445;Validacao
0,665254701478912;Validacao
0,639985393463575;Validacao
0,5963848822348;Validacao
0,550520357860142;Validacao
0,551542815409896;Validacao
0,56078144969874;Validacao
0,622786196823078;Validacao
0,691290852656564;Validacao
0,690085813401497;Validacao
0,631477085995983;Validacao
0,596275333211612;Validacao
0,552674821982837;Validacao
0,495599780901954;Validacao
0,459704217637393;Validacao
0,429651268942852;Validacao
0,417710425415373;Validacao
0,4292130728501;Validacao
0,423260909256892;Validacao
0,431769216724484;Validacao
0,455431805733066;Validacao
0,504947964213986;Validacao
0,549826547379953;Validacao
0,553149534416651;Validacao
0,534781814862151;Validacao
0,51195910169801;Validacao
0,479934270586087;Validacao
0,469855760452803;Validacao
0,45382508672631;Validacao
0,46551031586635;Validacao
0,505020996896111;Validacao
0,59207595398941;Validacao
0,677670257440204;Validacao
0,679094394741647;Validacao
0,618075588826;Validacao
0,584918751141136;Validacao
0,545079423041811;Validacao
0,500346905240095;Validacao
0,439255066642322;Validacao
0,422932262187329;Validacao
0,40792404601059;Validacao
0,408654372831842;Validacao
0,412707686689794;Validacao
0,436808471791127;Validacao
0,439109001278072;Validacao
0,456819426693445;Validacao
0,484535329559978;Validacao
0,514588278254519;Validacao
0,509001278071937;Validacao
0,493846996530948;Validacao
0,481650538616031;Validacao
0,459302537885704;Validacao
0,46397662954172;Validacao
0,486872375387986;Validacao
0,512068650721198;Validacao
0,607777980646339;Validacao
0,674091656016067;Validacao
0,686872375387986;Validacao
0,625378857038525;Validacao
0,59262369910535;Validacao
0,53018075588826;Validacao
0,473945590651817;Validacao
0,441738177834581;Validacao
0,40876392185503;Validacao
0,408216176739091;Validacao
0,418878948329377;Validacao
0,440131458827825;Validacao
0,497973343071024;Validacao
0,602738725579697;Validacao
0,709768121234252;Validacao
0,757093299251415;Validacao
0,740405331385795;Validacao
0,706883330290305;Validacao
0,685302172722293;Validacao
0,659339054226767;Validacao
0,633814131823991;Validacao
0,615884608362242;Validacao
0,619171079057878;Validacao
0,638488223480007;Validacao
0,68804089830199;Validacao
0,733211612196458;Validacao
0,740149716998357;Validacao
0,667190067555231;Validacao
0,601825817053131;Validacao
0,538433448968413;Validacao
0,468942851926237;Validacao
0,419426693445317;Validacao
0,37955084900493;Validacao
0,366551031586635;Validacao
0,378017162680299;Validacao
0,399853934635749;Validacao
0,456782910352383;Validacao
0,556143874383787;Validacao
0,654774511593938;Validacao
0,684024100785101;Validacao
0,653532955997809;Validacao
0,636005112287749;Validacao
0,637575314953442;Validacao
0,616322804454994;Validacao
0,589994522548841;Validacao
0,591491692532408;Validacao
0,589300712068651;Validacao
0,59499726127442;Validacao
0,641701661493518;Validacao
0,687310571480738;Validacao
0,669381048018988;Validacao
0,612853752054044;Validacao
0,574949790031039;Validacao
0,491765565090378;Validacao
0,412269490597042;Validacao
0,354025926602154;Validacao
0,323060069381048;Validacao
0,324995435457367;Validacao
0,330509402957824;Validacao
0,355048384151908;Validacao
0,41168522914004;Validacao
0,519481467956911;Validacao
0,627058608727405;Validacao
0,642066824904145;Validacao
0,619025013693628;Validacao
0,607303268212525;Validacao
0,590907431075406;Validacao
0,573379587365346;Validacao
0,555303998539346;Validacao
0,537739638488223;Validacao
0,540441847726858;Validacao
0,545846266204126;Validacao
0,587182764287018;Validacao
0,622311484389264;Validacao
0,629286105532226;Validacao
0,566404966222385;Validacao
0,510206317327004;Validacao
0,46189519810115;Validacao
0,398320248311119;Validacao
0,353697279532591;Validacao
0,323352200109549;Validacao
0,317765199926967;Validacao
0,333211612196458;Validacao
0,348658024465949;Validacao
0,399598320248311;Validacao
0,508563081979186;Validacao
0,612890268395107;Validacao
0,645170713894468;Validacao
0,628592295052036;Validacao
0,58762096037977;Validacao
0,582435639948877;Validacao
0,548146795691072;Validacao
0,523096585722111;Validacao
0,517911265291218;Validacao
0,517217454811028;Validacao
0,522183677195545;Validacao
0,557641044367354;Validacao
0,587949607449334;Validacao
0,606390359685959;Validacao
0,569180208143144;Validacao
0,523023553039985;Validacao
0,460726675187146;Validacao
0,39123607814497;Validacao
0,358115756801169;Validacao
0,325360598867993;Validacao
0,332627350739456;Validacao
0,348037246667884;Validacao
0,38093846996531;Validacao
0,450794230418112;Validacao
0,54033229870367;Validacao
0,630052948694541;Validacao
0,661493518349461;Validacao
0,637684863976629;Validacao
0,612598137666606;Validacao
0,579331750958554;Validacao
0,546795691071755;Validacao
0,510681029760818;Validacao
0,484717911265291;Validacao
0,46981924411174;Validacao
0,472631002373562;Validacao
0,50918385977725;Validacao
0,547745115939383;Validacao
0,565199926967318;Validacao
0,50096768303816;Validacao
0,452948694540807;Validacao
0,419499726127442;Validacao
0,374255979550849;Validacao
0,327222932262187;Validacao
0,301004199379222;Validacao
0,304071572028483;Validacao
0,303523826912543;Validacao
0,303596859594669;Validacao
0,316742742377214;Validacao
0,334854847544276;Validacao
0,38984845718459;Validacao
0,414971699835676;Validacao
0,437903962023005;Validacao
0,449844805550484;Validacao
0,436771955450064;Validacao
0,41029760817966;Validacao
0,393500091290853;Validacao
0,392295052035786;Validacao
0,39485119591017;Validacao
0,419499726127442;Validacao
0,493591382143509;Validacao
0,57454811027935;Validacao
0,581121051670623;Validacao
0,523826912543363;Validacao
0,475223662589009;Validacao
0,435201752784371;Validacao
0,386635019171079;Validacao
0,354318057330655;Validacao
0,345042906700749;Validacao
0,342705860872741;Validacao
0,364652181851378;Validacao
0,404783640679204;Validacao
0,405440934818331;Validacao
0,434434909622056;Validacao
0,487493153186051;Validacao
0,520357860142414;Validacao
0,522914004016798;Validacao
0,516998356764652;Validacao
0,504181121051671;Validacao
0,481139309841154;Validacao
0,448055504838415;Validacao
0,436735439109001;Validacao
0,45159758992149;Validacao
0,485338689063356;Validacao
0,519408435274785;Validacao
0,561000547745116;Validacao
0,581011502647435;Validacao
0,539127259448603;Validacao
0,484170166149352;Validacao
0,426036151177652;Validacao
0,661858681760088;Validacao
0,63867080518532;Validacao
0,629359138214351;Validacao
0,577104254153734;Validacao
0,590907431075406;Validacao
0,612525104984481;Validacao
0,653569472338872;Validacao
0,666678838780354;Validacao
0,63867080518532;Validacao
0,575314953441665;Validacao
0,500858134014972;Validacao
0,453459923315684;Validacao
0,428154098959284;Validacao
0,41891546467044;Validacao
0,434873105714807;Validacao
0,466532773416104;Validacao
0,537484024100785;Validacao
0,628117582618222;Validacao
0,720796056235165;Validacao
0,751652364433084;Validacao
0,73671718093847;Validacao
0,70250136936279;Validacao
0,665729413912726;Validacao
0,627971517253971;Validacao
0,593427058608727;Validacao
0,57593573123973;Validacao
0,558298338506482;Validacao
0,541281723571298;Validacao
0,563775789665875;Validacao
0,57370823443491;Validacao
0,586342888442578;Validacao
0,580062077779806;Validacao
0,53755705678291;Validacao
0,466240642687603;Validacao
0,387219280628081;Validacao
0,335475625342341;Validacao
0,298082892094212;Validacao
0,286945408070111;Validacao
0,301990140587913;Validacao
0,334270586087274;Validacao
0,406280810662772;Validacao
0,513200657294139;Validacao
0,600511228774877;Validacao
0,636698922767939;Validacao
0,622165419025014;Validacao
0,631915282088735;Validacao
0,624502464853022;Validacao
0,599014058791309;Validacao
0,576045280262918;Validacao
0,55201752784371;Validacao
0,539565455541355;Validacao
0,528208873470878;Validacao
0,544495161584809;Validacao
0,539054226766478;Validacao
0,547051305459193;Validacao
0,542961475260179;Validacao
0,501698009859412;Validacao
0,457403688150447;Validacao
0,375168888077415;Validacao
0,327186415921125;Validacao
0,307832755157933;Validacao
0,298740186233339;Validacao
0,293408800438196;Validacao
0,325141500821618;Validacao
0,396969143691802;Validacao
0,486324630272047;Validacao
0,583092934088004;Validacao
0,635311301807559;Validacao
0,627935000912909;Validacao
0,629322621873288;Validacao
0,606317327003834;Validacao
0,621654190250137;Validacao
0,61683403322987;Validacao
0,623735621690707;Validacao
0,616870549570933;Validacao
0,603907248493701;Validacao
0,642724119043272;Validacao
0,644330838050027;Validacao
0,626474347270404;Validacao
0,610334124520723;Validacao
0,57955084900493;Validacao
0,51334672265839;Validacao
0,441044367354391;Validacao
0,392258535694723;Validacao
0,358188789483294;Validacao
0,351652364433084;Validacao
0,364907796238817;Validacao
0,398794960744933;Validacao
0,472375387986124;Validacao
0,581449698740186;Validacao
0,687018440752237;Validacao
0,719846631367537;Validacao
0,710644513419755;Validacao
0,693627898484572;Validacao
0,684608362242103;Validacao
0,641665145152456;Validacao
0,592112470330473;Validacao
0,548073763008947;Validacao
0,539967135293044;Validacao
0,536461566551032;Validacao
0,558809567281358;Validacao
0,566587547927698;Validacao
0,575461018805916;Validacao
0,588205221836772;Validacao
0,556034325360599;Validacao
0,501551944495162;Validacao
0,446667883878035;Validacao
0,397370823443491;Validacao
0,36509037794413;Validacao
0,351981011502647;Validacao
0,363775789665875;Validacao
0,390980463757531;Validacao
0,404089830199014;Validacao
0,40292130728501;Validacao
0,438196092751506;Validacao
0,480883695453716;Validacao
0,4981924411174;Validacao
0,487566185868176;Validacao
0,465181668796787;Validacao
0,434982654737995;Validacao
0,41029760817966;Validacao
0,384517071389447;Validacao
0,396019718824174;Validacao
0,417893007120686;Validacao
0,463538433448968;Validacao
0,494358225305824;Validacao
0,49972612744203;Validacao
0,506773781267117;Validacao
0,470622603615118;Validacao
0,432280445499361;Validacao
0,38316596677013;Validacao
0,338908161402228;Validacao
0,307285010041994;Validacao
0,29512506846814;Validacao
0,296184042358956;Validacao
0,305641774694176;Validacao
0,320065729413913;Validacao
0,319006755523097;Validacao
0,335073945590652;Validacao
0,377651999269673;Validacao
0,418623333941939;Validacao
0,426547379952529;Validacao
0,420522183677196;Validacao
0,404637575314953;Validacao
0,389264195727588;Validacao
0,365966770129633;Validacao
0,343655285740369;Validacao
0,342632828190615;Validacao
0,383129450429067;Validacao
0,420412634654008;Validacao
0,427022092386343;Validacao
0,42629176556509;Validacao
0,411794778163228;Validacao
0,362643783092934;Validacao
0,300164323534782;Validacao
0,266386708051853;Validacao
0,234507942304181;Validacao
0,245828008033595;Validacao
0,244184772685777;Validacao
0,268139492422859;Validacao
0,335986854117217;Validacao
0,431477085995983;Validacao
0,52086908891729;Validacao
0,560051122877488;Validacao
0,567281358407888;Validacao
0,551907978820522;Validacao
0,486032499543546;Validacao
0,43783092934088;Validacao
0,417783458097499;Validacao
0,389556326456089;Validacao
0,376702574402045;Validacao
0,366149351834946;Validacao
0,380062077779806;Validacao
0,405185320430893;Validacao
0,422603615117765;Validacao
0,414935183494614;Validacao
0,376702574402045;Validacao
0,313091108270951;Validacao
0,244038707321526;Validacao
0,197115209056053;Validacao
0,164542632828191;Validacao
0,153222567098777;Validacao
0,160671900675552;Validacao
0,202190980463758;Validacao
0,276538250867263;Validacao
0,385722110644513;Validacao
0,45897389081614;Validacao
0,462479459558152;Validacao
0,449844805550484;Validacao
0,445572393646157;Validacao
0,442797151725397;Validacao
0,431440569654921;Validacao
0,411429614752602;Validacao
0,382326090925689;Validacao
0,372649260544093;Validacao
0,353697279532591;Validacao
0,369435822530582;Validacao
0,38623333941939;Validacao
0,414570020083988;Validacao
0,429979916012416;Validacao
0,410188059156472;Validacao
0,349205769581888;Validacao
0,273945590651817;Validacao
0,213255431805733;Validacao
0,179368267299617;Validacao
0,179112652912178;Validacao
0,196202300529487;Validacao
0,222822713164141;Validacao
0,274493335767756;Validacao
0,362789848457185;Validacao
0,459631184955268;Validacao
0,478802264013146;Validacao
0,47774329012233;Validacao
0,472484937009312;Validacao
0,454044184772686;Validacao
0,434800073032682;Validacao
0,407522366258901;Validacao
0,387584444038707;Validacao
0,37662954171992;Validacao
0,361292678473617;Validacao
0,379769947051305;Validacao
0,388351287201022;Validacao
0,395654555413548;Validacao
0,407595398941026;Validacao
0,364067920394376;Validacao
0,289866715355121;Validacao
0,23352200109549;Validacao
0,20138762096038;Validacao
0,171736352017528;Validacao
0,152054044184773;Validacao
0,15939382873836;Validacao
0,178272777067738;Validacao
0,226693445316779;Validacao
0,297206499908709;Validacao
0,365492057695819;Validacao
0,397042176373927;Validacao
0,409494248676283;Validacao
0,417491327368998;Validacao
0,423662589008581;Validacao
0,400401679751689;Validacao
0,359612926784736;Validacao
0,337082344349096;Validacao
0,322147160854482;Validacao
0,322329742559796;Validacao
0,34464122694906;Validacao
0,367975168888077;Validacao
0,37246667883878;Validacao
0,381960927515063;Validacao
0,363483658937374;Validacao
0,314004016797517;Validacao
0,267445681942669;Validacao
0,226766477998905;Validacao
0,197370823443491;Validacao
0,185429979916012;Validacao
0,184261457002008;Validacao
0,203396019718824;Validacao
0,231257987949607;Validacao
0,269381048018988;Validacao
0,312141683403323;Validacao
0,33741099141866;Validacao
0,350009129085266;Validacao
0,344458645243747;Validacao
0,325981376666058;Validacao
0,309074310754062;Validacao
0,290779623881687;Validacao
0,270257440204491;Validacao
0,261676100054774;Validacao
0,281906153003469;Validacao
0,314478729231331;Validacao
0,334234069746211;Validacao
0,322147160854482;Validacao
0,346613109366441;Validacao
0,34255979550849;Validacao
0,308234434909622;Validacao
0,26967317874749;Validacao
0,221763739273325;Validacao
0,192185503012598;Validacao
0,18469965309476;Validacao
0,191747306919847;Validacao
0,214716085448238;Validacao
0,223041811210517;Validacao
0,230345079423042;Validacao
0,25744020449151;Validacao
0,288917290487493;Validacao
0,322147160854482;Validacao
0,326529121781997;Validacao
0,320211794778163;Validacao
0,31349278802264;Validacao
0,309549023187877;Validacao
0,2981924411174;Validacao
0,306299068833303;Validacao
0,3234982654738;Validacao
0,361657841884243;Validacao
0,366916194997261;Validacao
0,349132736899763;Validacao
0,338689063355852;Validacao
0,318933722840971;Validacao
0,27704947964214;Validacao
0,217454811027935;Validacao
0,169508855212708;Validacao
0,139127259448603;Validacao
0,116560160671901;Validacao
0,112178199744386;Validacao
0,121124703304729;Validacao
0,121234252327917;Validacao
0,118933722840971;Validacao
0,159758992148987;Validacao
0,208654372831842;Validacao
0,250283001643235;Validacao
0,285630819791857;Validacao
0,304181121051671;Validacao
0,294175643600511;Validacao
0,273105714807376;Validacao
0,243089282453898;Validacao
0,240715720284827;Validacao
0,243710060251963;Validacao
0,291400401679752;Validacao
0,302063173270038;Validacao
0,296403140405331;Validacao
0,305860872740551;Validacao
0,30834398393281;Validacao
0,266751871462479;Validacao
0,214752601789301;Validacao
0,186963666240643;Validacao
0,165565090377944;Validacao
0,14895015519445;Validacao
0,152236625890086;Validacao
0,187036698922768;Validacao
0,218075588826;Validacao
0,24937009311667;Validacao
0,278400584261457;Validacao
0,317911265291218;Validacao
0,351214168340332;Validacao
0,377834580974986;Validacao
0,387255796969144;Validacao
0,38108453532956;Validacao
0,364871279897754;Validacao
0,355596129267847;Validacao
0,35201752784371;Validacao
0,370458280080336;Validacao
0,403213438013511;Validacao
0,423772138031769;Validacao
0,421654190250137;Validacao
0,433047288661676;Validacao
0,432097863794048;Validacao
0,383932809932445;Validacao
0,332517801716268;Validacao
0,2945773233522;Validacao
0,265400766843162;Validacao
0,271535512141683;Validacao
0,285411721745481;Validacao
0,311338323899945;Validacao
0,354281540989593;Validacao
0,468614204856673;Validacao
0,570056600328647;Validacao
0,610261091838598;Validacao
0,608727405513968;Validacao
0,59123607814497;Validacao
0,56216907065912;Validacao
0,538177834580975;Validacao
0,528610553222567;Validacao
0,501296330107723;Validacao
0,493445316779259;Validacao
0,483403322987037;Validacao
0,489647617308746;Validacao
0,499141865985028;Validacao
0,49665875479277;Validacao
0,491838597772503;Validacao
0,457476720832573;Validacao
0,388752966952711;Validacao
0,316487127989775;Validacao
0,256709877670257;Validacao
0,219937922220194;Validacao
0,213291948146796;Validacao
0,222567098776703;Validacao
0,244184772685777;Validacao
0,296512689428519;Validacao
0,397188241738178;Validacao
0,492276793865255;Validacao
0,539967135293044;Validacao
0,525689245937557;Validacao
0,519773598685412;Validacao
0,507942304181121;Validacao
0,478619682307833;Validacao
0,433047288661676;Validacao
0,4108453532956;Validacao
0,381157568011685;Teste
0,376446960014607;Teste
0,406317327003834;Teste
0,407303268212525;Teste
0,401497169983568;Teste
0,396494431257988;Teste
0,375278437100603;Teste
0,318860690158846;Teste
0,263684498813219;Teste
0,225415373379587;Teste
0,194778163228045;Teste
0,169472338871645;Teste
0,174840241007851;Teste
0,196311849552675;Teste
0,250246485302173;Teste
0,344750775972248;Teste
0,449260544093482;Teste
0,488259996348366;Teste
0,478218002556144;Teste
0,477487675734891;Teste
0,475260178930071;Teste
0,457695818878948;Teste
0,425050209968961;Teste
0,389300712068651;Teste
0,381997443856126;Teste
0,387146247945956;Teste
0,400401679751689;Teste
0,399817418294687;Teste
0,407704947964214;Teste
0,416468869819244;Teste
0,413657111557422;Teste
0,36786561986489;Teste
0,291400401679752;Teste
0,250100419937922;Teste
0,222749680482016;Teste
0,222128902683951;Teste
0,233595033777615;Teste
0,260799707869271;Teste
0,309037794413;Teste
0,39916012415556;Teste
0,498228957458463;Teste
0,529779076136571;Teste
0,513200657294139;Teste
0,508891729048749;Teste
0,491400401679752;Teste
0,454263282819062;Teste
0,427095125068468;Teste
0,400912908526566;Teste
0,379441299981742;Teste
0,365017345262005;Teste
0,38247215628994;Teste
0,393792222019354;Teste
0,393207960562352;Teste
0,388570385247398;Teste
0,378893554865802;Teste
0,333029030491145;Teste
0,280956728135841;Teste
0,241044367354391;Teste
0,210407157202848;Teste
0,196202300529487;Teste
0,204272411904327;Teste
0,21752784371006;Teste
0,227022092386343;Teste
0,233558517436553;Teste
0,271316414095308;Teste
0,313748402410079;Teste
0,348913638853387;Teste
0,330071206865072;Teste
0,314661310936644;Teste
0,302318787657477;Teste
0,278291035238269;Teste
0,267518714624795;Teste
0,265765930253789;Teste
0,285484754427606;Teste
0,312908526565638;Teste
0,330728501004199;Teste
0,33018075588826;Teste
0,315975899214899;Teste
0,319554500639036;Teste
0,291363885338689;Teste
0,240350556874201;Teste
0,203067372649261;Teste
0,162826364798247;Teste
0,153806828555779;Teste
0,160416286288114;Teste
0,166368449881322;Teste
0,171298155924776;Teste
0,170531312762461;Teste
0,197297790761366;Teste
0,231696184042359;Teste
0,246850465583349;Teste
0,242687602702209;Teste
0,244403870732153;Teste
0,214533503742925;Teste
0,207668431623151;Teste
0,194412999817418;Teste
0,190213620595216;Teste
0,204893189702392;Teste
0,24659485119591;Teste
0,264962570750411;Teste
0,269454080701114;Teste
0,261676100054774;Teste
0,270695636297243;Teste
0,225086726310024;Teste
0,17746941756436;Teste
0,132773416103706;Teste
0,112689428519262;Teste
0,0959284279715173;Teste
0,110023735621691;Teste
0,126163958371371;Teste
0,184078875296695;Teste
0,277998904509768;Teste
0,394960744933358;Teste
0,437903962023005;Teste
0,428336680664597;Teste
0,417491327368998;Teste
0,390505751323717;Teste
0,362935913821435;Teste
0,344239547197371;Teste
0,33379587365346;Teste
0,317253971152091;Teste
0,29735256527296;Teste
0,306445134197553;Teste
0,310461931714442;Teste
0,307759722475808;Teste
0,306481650538616;Teste
0,311813036333759;Teste
0,25952163593208;Teste
0,197188241738178;Teste
0,130436370275698;Teste
0,102939565455541;Teste
0,10458280080336;Teste
0,117363520175278;Teste
0,147452985210882;Teste
0,213109366441483;Teste
0,313273689976264;Teste
0,389045097681212;Teste
0,410005477451159;Teste
0,379769947051305;Teste
0,355851743655286;Teste
0,344860324995435;Teste
0,323315683768486;Teste
0,292788022640131;Teste
0,273069198466314;Teste
0,274748950155194;Teste
0,26481650538616;Teste
0,267774329012233;Teste
0,269928793134928;Teste
0,269417564360051;Teste
0,267372649260544;Teste
0,265400766843162;Teste
0,226255249224028;Teste
0,154719737082344;Teste
0,0928975716633193;Teste
0,0662771590286653;Teste
0,0547379952528757;Teste
0,0673361329194815;Teste
0,0901588460836224;Teste
0,149826547379953;Teste
0,249077962388169;Teste
0,331458827825452;Teste
0,371225123242651;Teste
0,367646521818514;Teste
0,356764652181851;Teste
0,342158115756801;Teste
0,315756801168523;Teste
0,276100054774512;Teste
0,258389629359138;Teste
0,232645608909987;Teste
0,258207047653825;Teste
0,268760270220924;Teste
0,254957093299251;Teste
0,248238086543728;Teste
0,236479824721563;Teste
0,24144604710608;Teste
0,195800620777798;Teste
0,122329742559796;Teste
0,0733978455358773;Teste
0,0532043089282454;Teste
0,0521818513784919;Teste
0,0565638123060069;Teste
0,076063538433449;Teste
0,120832572576228;Teste
0,216030673726493;Teste
0,32433814131824;Teste
0,362205587000183;Teste
0,351141135658207;Teste
0,34102610918386;Teste
0,330217272229323;Teste
0,31042541537338;Teste
0,292313310206317;Teste
0,272850100419938;Teste
0,260580609822896;Teste
0,259448603249954;Teste
0,257294139127259;Teste
0,256563812306007;Teste
0,264706956362972;Teste
0,255504838415191;Teste
0,250757714077049;Teste
0,205988679934271;Teste
0,137009311666971;Teste
0,0820522183677196;Teste
0,0543363155011868;Teste
0,037538798612379;Teste
0,0421033412452072;Teste
0,0592295052035786;Teste
0,103158663501917;Teste
0,222019353660763;Teste
0,336680664597407;Teste
0,384772685776885;Teste
0,380098594120869;Teste
0,369874018623334;Teste
0,358334854847544;Teste
0,348329377396385;Teste
0,308088369545372;Teste
0,289172904874932;Teste
0,271754610188059;Teste
0,267774329012233;Teste
0,27065911995618;Teste
0,292861055322257;Teste
0,278656198648895;Teste
0,244951615848092;Teste
0,247653825086726;Teste
0,201095490231879;Teste
0,143034507942304;Teste
0,113857951433266;Teste
0,0903049114478729;Teste
0,0729596494431258;Teste
0,0583896293591382;Teste
0,0587547927697645;Teste
0,0661676100054775;Teste
0,0855943034507942;Teste
0,133868906335585;Teste
0,173598685411722;Teste
0,214971699835676;Teste
0,2328281906153;Teste
0,230783275515793;Teste
0,220668249041446;Teste
0,199561803907248;Teste
0,17677560708417;Teste
0,156436005112288;Teste
0,186269855760453;Teste
0,228957458462662;Teste
0,253532955997809;Teste
0,248530217272229;Teste
0,224173817783458;Teste
0,232280445499361;Teste
0,201825817053131;Teste
0,14394741646887;Teste
0,10250136936279;Teste
0,0825634471425963;Teste
0,0717546101880592;Teste
0,0731057148073763;Teste
0,0717911265291218;Teste
0,0693810480189885;Teste
0,0841336498082892;Teste
0,115537703122147;Teste
0,155303998539346;Teste
0,186854117217455;Teste
0,204381960927515;Teste
0,20931166697097;Teste
0,201862333394194;Teste
0,184261457002008;Teste
0,177798064633924;Teste
0,169362789848457;Teste
0,195216359320796;Teste
0,233339419390177;Teste
0,255979550849005;Teste
0,247544276063538;Teste
0,256965492057696;Teste
0,264341792952346;Teste
0,233229870366989;Teste
0,179441299981742;Teste
0,131458827825452;Teste
0,105057513237174;Teste
0,0952346174913274;Teste
0,103304728866168;Teste
0,125506664232244;Teste
0,17301442395472;Teste
0,28581340149717;Teste
0,404345444586452;Teste
0,44159211247033;Teste
0,442906700748585;Teste
0,449443125798795;Teste
0,453094759905057;Teste
0,453167792587183;Teste
0,437173635201753;Teste
0,418513784918751;Teste
0,41530034690524;Teste
0,41153916377579;Teste
0,42391820339602;Teste
0,415336863246303;Teste
0,397188241738178;Teste
0,380025561438744;Teste
0,377140770494796;Teste
0,328391455176191;Teste
0,254080701113748;Teste
0,197151725397115;Teste
0,172795325908344;Teste
0,163593207960562;Teste
0,171188606901588;Teste
0,190067555230966;Teste
0,231111922585357;Teste
0,345773233522001;Teste
0,46759174730692;Teste
0,499689611100968;Teste
0,497681212342523;Teste
0,490049297060435;Teste
0,489501551944495;Teste
0,466934453167793;Teste
0,448639766295417;Teste
0,431951798429797;Teste
0,416030673726493;Teste
0,410407157202848;Teste
0,425342340697462;Teste
0,419828373197006;Teste
0,409202117947782;Teste
0,400511228774877;Teste
0,399963483658937;Teste
0,3527113383239;Teste
0,282234800073033;Teste
0,220010954902319;Teste
0,194486032499544;Teste
0,19207595398941;Teste
0,205404418477269;Teste
0,226437830929341;Teste
0,266350191710791;Teste
0,368522914004017;Teste
0,482672996165784;Teste
0,507905787840058;Teste
0,488296512689429;Teste
0,4801168522914;Teste
0,473178747489502;Teste
0,451853204308928;Teste
0,43406974621143;Teste
0,428446229687785;Teste
0,427131641409531;Teste
0,410881869636662;Teste
0,423187876574767;Teste
0,417199196640497;Teste
0,407522366258901;Teste
0,394595581522731;Teste
0,390505751323717;Teste
0,34171991966405;Teste
0,271279897754245;Teste
0,217089647617309;Teste
0,194778163228045;Teste
0,187073215263831;Teste
0,196457914916925;Teste
0,216907065911996;Teste
0,257184590104072;Teste
0,365528574036881;Teste
0,465254701478912;Teste
0,495745846266204;Teste
0,487237538798612;Teste
0,476830381595764;Teste
0,462406426876027;Teste
0,45174365528574;Teste
0,427715902866533;Teste
0,411867810845353;Teste
0,403067372649261;Teste
0,398028117582618;Teste
0,415081248858864;Teste
0,404272411904327;Teste
0,386744568194267;Teste
0,36216907065912;Teste
0,346686142048567;Teste
0,289245937557057;Teste
0,232609092568925;Teste
0,183677195545006;Teste
0,143290122329743;Teste
0,136388533868906;Teste
0,133686324630272;Teste
0,127515062990688;Teste
0,13448968413365;Teste
0,162570750410809;Teste
0,22391820339602;Teste
0,279824721562899;Teste
0,311192258535695;Teste
0,340295782362607;Teste
0,339382873836042;Teste
0,322512324265109;Teste
0,312945042906701;Teste
0,288698192441117;Teste
0,279203943764835;Teste
0,289647617308746;Teste
0,31042541537338;Teste
0,312470330472887;Teste
0,292532408252693;Teste
0,258754792769764;Teste
0,255103158663502;Teste
0,228336680664597;Teste
0,167719554500639;Teste
0,118897206499909;Teste
0,0894285192623699;Teste
0,0699287931349279;Teste
0,0717180938469965;Teste
0,0738360416286288;Teste
0,0756618586817601;Teste
0,0933722840971335;Teste
0,137118860690159;Teste
0,185904692349827;Teste
0,227460288479094;Teste
0,247361694358225;Teste
0,244805550483842;Teste
0,224648530217272;Teste
0,216432353478181;Teste
0,203249954354574;Teste
0,185101332846449;Teste
0,204016797516889;Teste
0,246229687785284;Teste
0,257184590104072;Teste
0,226876027022092;Teste
0,204783640679204;Teste
0,217016614935183;Teste
0,187109731604893;Teste
0,127295964944313;Teste
0,0912178199744386;Teste
0,0637575314953442;Teste
0,0529121781997444;Teste
0,0548475442760635;Teste
0,0599233156837685;Teste
0,0373197005660033;Teste
0,0375022822713164;Teste
0,0747124338141318;Teste
0,121599415738543;Teste
0,156801168522914;Teste
0,172284097133467;Teste
0,170458280080336;Teste
0,163775789665875;Teste
0,144056965492058;Teste
0,134234069746211;Teste
0,134197553405149;Teste
0,156180390724849;Teste
0,191455176191346;Teste
0,205075771407705;Teste
0,212561621325543;Teste
0,211794778163228;Teste
0,228884425780537;Teste
0,201351104619317;Teste
0,145115939382874;Teste
0,105349643965675;Teste
0,0807011137484024;Teste
0,0765017345262005;Teste
0,0824538981194084;Teste
0,102720467409166;Teste
0,156509037794413;Teste
0,278875296695271;Teste
0,396859594668614;Teste
0,438342158115757;Teste
0,432645608909987;Teste
0,428446229687785;Teste
0,417966039802812;Teste
0,410918385977725;Teste
0,397443856125616;Teste
0,383713711886069;Teste
0,368888077414643;Teste
0,343582253058244;Teste
0,352930436370276;Teste
0,360964031404053;Teste
0,350191710790579;Teste
0,325068468139492;Teste
0,343728318422494;Teste
0,30556874201205;Teste
0,224977177286836;Teste
0,164469600146065;Teste
0,130253788570385;Teste
0,137812671170349;Teste
0,151652364433084;Teste
0,16662406426876;Teste
0,212013876209604;Teste
0,30918385977725;Teste
0,417893007120686;Teste
0,465327734161037;Teste
0,452948694540807;Teste
0,447398210699288;Teste
0,421215994157385;Teste
0,400511228774877;Teste
0,385831659667701;Teste
0,359138214350922;Teste
0,338616030673726;Teste
0,333686324630272;Teste
0,330399853934636;Teste
0,313857951433266;Teste
0,306992879313493;Teste
0,289538068285558;Teste
0,293080153368632;Teste
0,253679021362059;Teste
0,184151907978821;Teste
0,138031769216724;Teste
0,113018075588826;Teste
0,102683951068103;Teste
0,105313127624612;Teste
0,123863428884426;Teste
0,164287018440752;Teste
0,256271681577506;Teste
0,339127259448603;Teste
0,379733430710243;Teste
0,366952711338324;Teste
0,349570932992514;Teste
0,345042906700749;Teste
0,332043089282454;Teste
0,309950702939565;Teste
0,293773963848822;Teste
0,272265838962936;Teste
0,259886799342706;Teste
0,274164688698192;Teste
0,250794230418112;Teste
0,254957093299251;Teste
0,260398028117583;Teste
0,25535877305094;Teste
0,214716085448238;Teste
0,147051305459193;Teste
0,0963301077232061;Teste
0,0661310936644148;Teste
0,0617126163958371;Teste
0,070695636297243;Teste
0,0729596494431258;Teste
0,131385795143327;Teste
0,242103341245207;Teste
0,34325360598868;Teste
0,36578418842432;Teste
0,365382508672631;Teste
0,365163410626255;Teste
0,355340514880409;Teste
0,329450429067007;Teste
0,311995618039072;Teste
0,301405879130911;Teste
0,300529486945408;Teste
0,290231878765748;Teste
0,300054774511594;Teste
0,290962205587;Teste
0,293773963848822;Teste
0,295891911630455;Teste
0,296768303815958;Teste
0,2581340149717;Teste
0,177505933905423;Teste
0,120467409165602;Teste
0,0951615848092021;Teste
0,0782180025561439;Teste
0,0746394011320066;Teste
0,0907796238816871;Teste
0,129048749315319;Teste
0,219061530034691;Teste
0,309658572211064;Teste
0,34770859959832;Teste
0,352054044184773;Teste
0,353186050757714;Teste
0,332554318057331;Teste
0,30250136936279;Teste
0,280774146430528;Teste
0,256344714259631;Teste
0,239437648347636;Teste
0,235457367171809;Teste
0,259850283001643;Teste
0,255870001825817;Teste
0,240277524192076;Teste
0,212598137666606;Teste
0,215482928610553;Teste
0,202519627533321;Teste
0,142961475260179;Teste
0,0851561073580427;Teste
0,0635019171079058;Teste
0,0479824721562899;Teste
0,0425415373379587;Teste
0,0252693080153369;Teste
0,0253788570385247;Teste
0,0593755705678291;Teste
0,097900310388899;Teste
0,153186050757714;Teste
0,194339967135293;Teste
0,207887529669527;Teste
0,202410078510133;Teste
0,172868358590469;Teste
0,148000730326821;Teste
0,136644148256345;Teste
0,132809932444769;Teste
0,14993609640314;Teste
0,184553587730509;Teste
0,208690889172905;Teste
0,194741646886982;Teste
0,183750228227132;Teste
0,191345627168158;Teste
0,171225123242651;Teste
0,115355121416834;Teste
0,0651086361146613;Teste
0,040277524192076;Teste
0,023406974621143;Teste
0,0153003469052401;Teste
0,0105167062260362;Teste
0;Teste
0,0150447325178017;Teste
0,0572211064451342;Teste
0,10750410808837;Teste
0,14241373014424;Teste
0,17885703852474;Teste
0,205367902136206;Teste
0,205550483841519;Teste
0,184261457002008;Teste
0,163483658937374;Teste